{
    "train_acc": [0.9253541666666667, 0.9632316176470588, 0.9717328431372549, 0.9778370098039215, 0.9819203431372548, 0.9850061274509804, 0.9860330882352941, 0.9866372549019607, 0.9881776960784314, 0.9880857843137255],
    "val_acc": [0.9267777777777778, 0.9646111111111111, 0.9720277777777778, 0.9789722222222222, 0.9825833333333334, 0.9848055555555556, 0.986, 0.9865555555555555, 0.9878888888888889, 0.9883055555555555],
    "fool_rate": [0.3405437452468549, 0.42819141115119197, 0.4604116721613943, 0.4386542307089084, 0.3484112086379842, 0.30966711104140526, 0.341540962794195, 0.3434531278020166, 0.36121907347867, 0.3612747370374098],
    "completion_time": [230.76001000404358, 226.05689930915833, 216.25121593475342, 229.85127115249634, 227.40498781204224, 237.269184589386, 219.52696061134338, 228.8367075920105, 228.2230932712555, 235.1654667854309]
}