{
    "train_acc": [0.9342365196078432, 0.9620049019607844, 0.9735367647058824, 0.9779301470588235, 0.9826703431372549, 0.9847438725490196, 0.986780637254902, 0.9877463235294117, 0.9878884803921568, 0.9885355392156863],
    "val_acc": [0.9346944444444445, 0.9625555555555556, 0.9741944444444445, 0.9791111111111112, 0.9833888888888889, 0.9844722222222222, 0.9872222222222222, 0.9883055555555555, 0.9877222222222222, 0.9885],
    "fool_rate": [0.3287045659504391, 0.36385538968417697, 0.3924519193067754, 0.35752427495707534, 0.3308379848299541, 0.3112673502195734, 0.2980960969727865, 0.3072961594259724, 0.2939799709930324, 0.32932666725615783],
    "completion_time": [244.68219137191772, 247.5669810771942, 244.39222192764282, 247.43833231925964, 246.84019804000854, 249.29127740859985, 245.15110325813293, 246.20893168449402, 250.34302258491516, 248.08363008499146]
}