{
    "train_acc": [0.9295269607843137, 0.9625098039215686, 0.9708357843137255, 0.9760477941176471, 0.9799901960784314, 0.9832536764705883, 0.9858578431372549, 0.9869975490196078, 0.986905637254902, 0.9869656862745098],
    "val_acc": [0.9294444444444444, 0.9630555555555556, 0.9707777777777777, 0.9773888888888889, 0.9808611111111111, 0.9836666666666667, 0.9863611111111111, 0.9873333333333333, 0.9863888888888889, 0.9868611111111111],
    "fool_rate": [0.31823176900894756, 0.39564031975780856, 0.47036721830816014, 0.4675857919073165, 0.39764963339084064, 0.2976261076693852, 0.3303697459222083, 0.3245520310539523, 0.3289813082595093, 0.36689465377979924],
    "completion_time": [250.70839262008667, 252.21703791618347, 250.27755331993103, 244.54299211502075, 243.3222599029541, 246.17739582061768, 249.6506278514862, 250.96072602272034, 248.94584321975708, 250.33756518363953]
}