{
    "train_acc": [0.9198051470588235, 0.9617450980392157, 0.9724142156862745, 0.9778296568627451, 0.9818112745098039, 0.9849007352941177, 0.9867928921568627, 0.9871519607843138, 0.9878039215686274, 0.9885980392156862, 0.9891200980392156, 0.9892426470588235, 0.989876225490196, 0.9909865196078431, 0.9912242647058823, 0.9913198529411764, 0.9921580882352942, 0.9922720588235294, 0.9925968137254902, 0.9930600490196079], 
    "val_acc": [0.9216111111111112, 0.9631388888888889, 0.9726666666666667, 0.9791944444444445, 0.9820833333333333, 0.9853333333333333, 0.9874722222222222, 0.9868333333333333, 0.9870555555555556, 0.9879166666666667, 0.9892222222222222, 0.9890833333333333, 0.9888333333333333, 0.9911111111111112, 0.9904444444444445, 0.9903611111111111, 0.9909722222222223, 0.9912222222222222, 0.9916111111111111, 0.992], 
    "fool_rate": [0.3398068160603905, 0.38143771565244666, 0.46462092083999174, 0.36162832300815556, 0.3311943714711418, 0.3199909468516801, 0.3159884233845671, 0.31277691734629864, 0.33360348239896287, 0.34348813634146114, 0.3602913478985335, 0.3747974757567852, 0.39984851817564204, 0.3493716671894605, 0.3517762269810721, 0.3472841095595318, 0.35174384417767207, 0.4012787910447067, 0.3564722690558344, 0.3378158818224592], 
    "completion_time": [243.59182262420654, 282.1072201728821, 244.06128668785095, 267.45541405677795, 236.04265189170837, 245.1936252117157, 240.52117538452148, 235.73111152648926, 235.73486018180847, 236.82497692108154, 234.69987773895264, 237.97144985198975, 264.24873328208923, 235.9181787967682, 244.34634160995483, 247.87298321723938, 261.98790740966797, 252.40619349479675, 243.6880612373352, 251.45140719413757]
}